"lat","lon","elevation_m","in_camp","unix_time","distance_from_camp_m"
-3.575118,35.123402,1056,1,1520741140,54.8557
-3.575124789,35.12338842,1056,1,1520741145,56.2129
-3.575148538,35.12335371,1056,1,1520741150,59.677
-3.575153489,35.12334026,1056,1,1520741155,61.1063
-3.575150321,35.12336036,1059,1,1520741160,58.9206
-3.575142542,35.12338242,1063,1,1520741165,56.5872
-3.575140799,35.12338678,1066,1,1520741170,56.1319
-3.575132417,35.12340178,1067,1,1520741175,54.6134
-3.57511966,35.12342725,1068,1,1520741180,52.0642
-3.575115653,35.12345279,1068,1,1520741185,49.3677
-3.575115653,35.12345782,1068,1,1520741190,48.8209
-3.57511909,35.12345145,1069,1,1520741195,49.4367
-3.575150829,35.12339314,1071,1,1520741200,55.2935
-3.575167084,35.12336297,1073,1,1520741205,58.4596
-3.575168325,35.12335976,1075,1,1520741210,58.8059
-3.575169448,35.12335665,1076,1,1520741215,59.1406
-3.575170437,35.12335397,1077,1,1520741220,59.4302
-3.575171309,35.12335126,1078,1,1520741225,59.7247
-3.575171996,35.12334891,1078,1,1520741230,59.9798
-3.575172583,35.1233472,1079,1,1520741235,60.1652
-3.575173119,35.12334589,1079,1,1520741240,60.3064
-3.575173622,35.12334482,1079,1,1520741245,60.4219
-3.575174075,35.12334386,1079,1,1520741250,60.5248
-3.575174444,35.12334294,1079,1,1520741255,60.6245
-3.575174787,35.12334215,1079,1,1520741260,60.7096
-3.575175131,35.12334147,1079,1,1520741265,60.7836
-3.575175388,35.12334095,1079,1,1520741270,60.839
-3.575175517,35.12334064,1079,1,1520741275,60.8722
-3.575175634,35.12334033,1079,1,1520741280,60.9068
-3.575175869,35.12334043,1079,1,1520741285,60.8941
-3.57517607,35.12334056,1080,1,1520741290,60.8779
-3.575176372,35.12334053,1080,1,1520741295,60.8798
-3.575176573,35.12334029,1080,1,1520741300,60.9045
-3.575176874,35.12333981,1080,1,1520741305,60.9566
-3.575177042,35.12333942,1080,1,1520741310,60.9983
-3.575177176,35.12333915,1080,1,1520741315,61.0273
-3.57517721,35.12333883,1080,1,1520741320,61.0624
-3.575177361,35.12333857,1080,1,1520741325,61.0912
-3.575177444,35.12333826,1080,1,1520741330,61.1242
-3.575177528,35.12333806,1080,1,1520741335,61.146
-3.575177646,35.12333773,1080,1,1520741340,61.1825
-3.57517788,35.12333741,1080,1,1520741345,61.2164
-3.575178031,35.12333716,1080,1,1520741350,61.2435
-3.575178098,35.12333696,1080,1,1520741355,61.2654
-3.575178115,35.12333699,1080,1,1520741360,61.2616
-3.575178216,35.12333716,1080,1,1520741365,61.2424
-3.575178366,35.12333727,1080,1,1520741370,61.2284
-3.57517845,35.12333719,1080,1,1520741375,61.2373
-3.575178534,35.12333709,1080,1,1520741380,61.2479
-3.575178635,35.12333696,1080,1,1520741385,61.2622
-3.575178819,35.12333694,1080,1,1520741390,61.263
-3.575179054,35.12333687,1080,1,1520741395,61.2691
-3.575179238,35.12333687,1080,1,1520741400,61.268
-3.575179473,35.12333686,1080,1,1520741405,61.2686
-3.575179624,35.12333676,1080,1,1520741410,61.2789
-3.575179741,35.12333655,1080,1,1520741415,61.3005
-3.575179976,35.12333624,1080,1,1520741420,61.3346
-3.575180143,35.12333598,1080,1,1520741425,61.3616
-3.575180311,35.12333575,1080,1,1520741430,61.3867
-3.575180479,35.1233356,1080,1,1520741435,61.4025
-3.57518063,35.12333553,1080,1,1520741440,61.4092
-3.575180747,35.1233355,1079,1,1520741445,61.4122
-3.575180982,35.12333533,1079,1,1520741450,61.4296
-3.575181149,35.12333518,1079,1,1520741455,61.4454
-3.5751813,35.12333506,1079,1,1520741460,61.4577
-3.575181417,35.12333483,1079,1,1520741465,61.4831
-3.575181635,35.12333466,1079,1,1520741470,61.5006
-3.575181719,35.12333448,1079,1,1520741475,61.5206
-3.575181803,35.12333424,1079,1,1520741480,61.5462
-3.575181904,35.12333409,1079,1,1520741485,61.5625
-3.575182038,35.12333402,1079,1,1520741490,61.5692
-3.575182055,35.12333397,1079,1,1520741495,61.5747
-3.575182122,35.12333375,1079,1,1520741500,61.5986
-3.575182138,35.12333367,1079,1,1520741505,61.6078
-3.575182205,35.12333359,1079,1,1520741510,61.6167
-3.575182222,35.1233335,1079,1,1520741515,61.626
-3.575182289,35.1233334,1079,1,1520741520,61.6368
-3.575182289,35.12333327,1079,1,1520741525,61.6517
-3.575182306,35.12333325,1079,1,1520741530,61.6535
-3.575182373,35.12333318,1079,1,1520741535,61.6606
-3.575182407,35.12333318,1079,1,1520741540,61.6604
-3.575182557,35.12333317,1079,1,1520741545,61.6615
-3.575182624,35.1233331,1079,1,1520741550,61.6686
-3.575182641,35.12333312,1079,1,1520741555,61.6666
-3.575182708,35.12333318,1079,1,1520741560,61.6589
-3.575182725,35.12333318,1079,1,1520741565,61.6588
-3.575182809,35.12333318,1079,1,1520741570,61.6584
-3.575182909,35.1233332,1079,1,1520741575,61.656
-3.575183044,35.1233333,1079,1,1520741580,61.6442
-3.57518306,35.12333344,1079,1,1520741585,61.6292
-3.575183144,35.12333344,1079,1,1520741590,61.6288
-3.575183211,35.12333345,1079,1,1520741595,61.6266
-3.575183228,35.12333352,1079,1,1520741600,61.6191
-3.575183312,35.12333352,1079,1,1520741605,61.6187
-3.575183379,35.12333352,1079,1,1520741610,61.6183
-3.575183412,35.12333352,1079,1,1520741615,61.6182
-3.575183546,35.12333352,1079,1,1520741620,61.6175
-3.575183546,35.1233335,1079,1,1520741625,61.6194
-3.575183546,35.12333344,1079,1,1520741630,61.6268
-3.575183546,35.12333345,1079,1,1520741635,61.625
-3.575183513,35.12333347,1079,1,1520741640,61.6233
-3.575183345,35.12333323,1079,1,1520741645,61.6502
-3.575183211,35.12333307,1079,1,1520741650,61.6694
-3.575183194,35.12333288,1079,1,1520741655,61.69
-3.575183127,35.12333268,1079,1,1520741660,61.7126
-3.575183127,35.12333268,1079,1,1520741665,61.7126
-3.575183127,35.12333268,1079,1,1520741670,61.7126
-3.575183144,35.12333266,1079,1,1520741675,61.7144
-3.575183211,35.1233326,1079,1,1520741680,61.7215
-3.575183278,35.12333248,1079,1,1520741685,61.7342
-3.575183546,35.12333193,1079,1,1520741690,61.7944
-3.575183563,35.12333141,1079,1,1520741695,61.852
-3.57518363,35.12333064,1079,1,1520741700,61.9373
-3.575183664,35.12333044,1078,1,1520741705,61.9594
-3.575183798,35.1233301,1078,1,1520741710,61.996
-3.575183848,35.12332983,1078,1,1520741715,62.0256
-3.575184083,35.12332968,1078,1,1520741720,62.0412
-3.575184217,35.12332909,1078,1,1520741725,62.1057
-3.575184217,35.12332914,1078,1,1520741730,62.1002
-3.575184217,35.12332908,1078,1,1520741735,62.1076
-3.575184217,35.12332908,1078,1,1520741740,62.1076
-3.575184217,35.12332908,1078,1,1520741745,62.1076
-3.575184217,35.12332914,1078,1,1520741750,62.1002
-3.575184234,35.1233295,1078,1,1520741755,62.061
-3.575184385,35.12332973,1078,1,1520741760,62.0342
-3.575184753,35.12332935,1078,1,1520741765,62.0754
-3.575184888,35.12332941,1078,1,1520741770,62.0673
-3.575184888,35.12332941,1078,1,1520741775,62.0673
-3.575184904,35.12332941,1077,1,1520741780,62.0672
-3.575184971,35.12332941,1077,1,1520741785,62.0669
-3.575185005,35.12332941,1077,1,1520741790,62.0668
-3.575185139,35.12332941,1077,1,1520741795,62.0662
-3.575185139,35.12332941,1077,1,1520741800,62.0662
-3.575185139,35.12332941,1077,1,1520741805,62.0662
-3.575185139,35.12332941,1077,1,1520741810,62.0662
-3.575185139,35.12332941,1077,1,1520741815,62.0662
-3.575185139,35.12332941,1077,1,1520741820,62.0662
-3.575185139,35.12332941,1077,1,1520741825,62.0662
-3.575185139,35.12332941,1077,1,1520741830,62.0662
-3.575185139,35.12332941,1077,1,1520741835,62.0662
-3.575185139,35.12332941,1077,1,1520741840,62.0662
-3.575185139,35.1233294,1077,1,1520741845,62.0677
-3.575185139,35.12332933,1077,1,1520741850,62.0755
-3.575185139,35.12332933,1077,1,1520741855,62.0755
-3.575185139,35.12332933,1077,1,1520741860,62.0755
-3.575185139,35.12332933,1077,1,1520741865,62.0755
-3.575185223,35.12332933,1077,1,1520741870,62.0751
-3.575185223,35.12332933,1077,1,1520741875,62.0751
-3.575185223,35.12332933,1077,1,1520741880,62.0751
-3.575185223,35.12332933,1077,1,1520741885,62.0751
-3.575185223,35.12332933,1077,1,1520741890,62.0751
-3.575185223,35.12332933,1077,1,1520741895,62.0751
-3.575185223,35.12332933,1077,1,1520741900,62.0751
-3.575185223,35.12332933,1077,1,1520741905,62.0751
-3.575185139,35.12332933,1077,1,1520741910,62.0755
-3.575185139,35.12332933,1077,1,1520741915,62.0755
-3.575185139,35.12332941,1077,1,1520741920,62.0662
-3.575185139,35.12332941,1077,1,1520741925,62.0662
-3.575185139,35.12332941,1077,1,1520741930,62.0662
-3.575185139,35.1233295,1077,1,1520741935,62.0569
-3.575185139,35.1233295,1077,1,1520741940,62.0569
-3.575185139,35.1233295,1077,1,1520741945,62.0569
-3.575185139,35.12332958,1077,1,1520741950,62.0476
-3.575185139,35.12332958,1077,1,1520741955,62.0476
-3.575185139,35.12332958,1077,1,1520741960,62.0476
-3.575185139,35.12332966,1078,1,1520741965,62.0382
-3.575185139,35.12332983,1078,1,1520741970,62.0196
-3.575185139,35.12332983,1078,1,1520741975,62.0196
-3.575185139,35.12332983,1078,1,1520741980,62.0196
-3.575185139,35.12332992,1078,1,1520741985,62.0103
-3.575185223,35.12332992,1078,1,1520741990,62.0099
-3.575185223,35.12332992,1078,1,1520741995,62.0099
-3.575185223,35.12333,1078,1,1520742000,62.0006
-3.575185307,35.12333,1078,1,1520742005,62.0003
-3.575185307,35.12333,1078,1,1520742010,62.0003
-3.575185307,35.12333008,1078,1,1520742015,61.991
-3.575185391,35.12333008,1078,1,1520742020,61.9906
-3.575185391,35.12333017,1078,1,1520742025,61.9813
-3.575185474,35.12333033,1078,1,1520742030,61.9623
-3.575185642,35.12333042,1078,1,1520742035,61.9523
-3.575185642,35.1233305,1078,1,1520742040,61.9429
-3.575185642,35.12333059,1078,1,1520742045,61.9336
-3.575185642,35.12333067,1078,1,1520742050,61.9243
-3.575185726,35.12333067,1078,1,1520742055,61.924
-3.575185977,35.12333109,1078,1,1520742060,61.8763
-3.575186145,35.12333117,1078,1,1520742065,61.8663
-3.575186145,35.12333117,1078,1,1520742070,61.8663
-3.575186145,35.12333117,1078,1,1520742075,61.8663
-3.575186145,35.12333117,1078,1,1520742080,61.8663
-3.575186229,35.12333117,1078,1,1520742085,61.8659
-3.575186229,35.12333117,1078,1,1520742090,61.8659
-3.575186229,35.12333117,1078,1,1520742095,61.8659
-3.575186313,35.12333117,1078,1,1520742100,61.8656
-3.575186313,35.12333117,1078,1,1520742105,61.8656
-3.575186313,35.12333117,1078,1,1520742110,61.8656
-3.575186313,35.12333117,1078,1,1520742115,61.8656
-3.575186313,35.12333117,1078,1,1520742120,61.8656
-3.575186313,35.12333117,1078,1,1520742125,61.8656
-3.575186313,35.12333117,1078,1,1520742130,61.8656
-3.575186313,35.12333117,1078,1,1520742135,61.8656
-3.575186313,35.12333117,1078,1,1520742140,61.8656
-3.575186313,35.12333117,1078,1,1520742145,61.8656
-3.575186313,35.12333111,1078,1,1520742150,61.873
-3.575186313,35.12333109,1078,1,1520742155,61.8749
-3.575186313,35.12333109,1078,1,1520742160,61.8749
-3.575186245,35.12333109,1078,1,1520742165,61.8752
-3.575186229,35.12333109,1078,1,1520742170,61.8752
-3.575186229,35.12333109,1078,1,1520742175,61.8752
-3.575186229,35.12333109,1078,1,1520742180,61.8752
-3.575186229,35.12333109,1078,1,1520742185,61.8752
-3.575186229,35.12333109,1078,1,1520742190,61.8752
-3.575186229,35.12333109,1078,1,1520742195,61.8752
-3.575186296,35.12333109,1078,1,1520742200,61.875
-3.575186313,35.12333109,1078,1,1520742205,61.8749
-3.575186313,35.12333109,1078,1,1520742210,61.8749
-3.57518638,35.12333109,1078,1,1520742215,61.8746
-3.575186396,35.12333109,1078,1,1520742220,61.8745
-3.575186396,35.12333109,1078,1,1520742225,61.8745
-3.575186463,35.12333102,1078,1,1520742230,61.8817
-3.57518648,35.12333101,1078,1,1520742235,61.8835
-3.575186614,35.12333101,1078,1,1520742240,61.8829
-3.575186715,35.12333101,1078,1,1520742245,61.8825
-3.575186732,35.12333101,1078,1,1520742250,61.8824
-3.575186732,35.12333101,1078,1,1520742255,61.8824
-3.575186732,35.12333107,1078,1,1520742260,61.875
-3.575186732,35.12333109,1078,1,1520742265,61.8731
-3.575186732,35.12333116,1078,1,1520742270,61.8657
-3.575186799,35.12333124,1078,1,1520742275,61.8561
-3.575186882,35.12333139,1078,1,1520742280,61.839
-3.575186899,35.12333149,1078,1,1520742285,61.8277
-3.575186966,35.12333151,1078,1,1520742290,61.8256
-3.575186983,35.12333158,1078,1,1520742295,61.8181
-3.575186983,35.12333159,1078,1,1520742300,61.8162
-3.575186983,35.12333159,1078,1,1520742305,61.8162
-3.575186983,35.12333159,1078,1,1520742310,61.8162
-3.575186983,35.12333159,1078,1,1520742315,61.8162
-3.575186983,35.12333159,1078,1,1520742320,61.8162
-3.575186983,35.12333159,1078,1,1520742325,61.8162
-3.575186983,35.12333159,1078,1,1520742330,61.8162
-3.575186983,35.12333159,1078,1,1520742335,61.8162
-3.575186983,35.12333159,1078,1,1520742340,61.8162
-3.575186916,35.12333159,1078,1,1520742345,61.8165
-3.575186899,35.12333159,1078,1,1520742350,61.8166
-3.575186899,35.12333159,1078,1,1520742355,61.8166
-3.575186899,35.12333159,1078,1,1520742360,61.8166
-3.575186832,35.12333159,1078,1,1520742365,61.8169
-3.575186815,35.12333159,1078,1,1520742370,61.8169
-3.575186815,35.12333159,1078,1,1520742375,61.8169
-3.575186882,35.12333159,1078,1,1520742380,61.8166
-3.575186899,35.12333159,1078,1,1520742385,61.8166
-3.575186899,35.12333159,1078,1,1520742390,61.8166
-3.575186899,35.12333152,1078,1,1520742395,61.824
-3.575186899,35.12333158,1078,1,1520742400,61.8184
-3.575186899,35.12333159,1078,1,1520742405,61.8166
-3.575186899,35.12333159,1078,1,1520742410,61.8166
-3.575186899,35.12333159,1078,1,1520742415,61.8166
-3.575186899,35.12333159,1078,1,1520742420,61.8166
-3.575186899,35.12333166,1078,1,1520742425,61.8091
-3.57518529,35.12333315,1078,1,1520742430,61.6504
-3.575183949,35.12333607,1078,1,1520742435,61.3327
-3.575183446,35.12333704,1078,1,1520742440,61.2272
-3.575183915,35.12333833,1079,1,1520742445,61.0816
-3.575183915,35.12333836,1079,1,1520742450,61.0779
-3.575184217,35.12333836,1079,1,1520742455,61.0764
-3.575184301,35.12333831,1079,1,1520742460,61.0816
-3.575184301,35.1233383,1079,1,1520742465,61.0835
-3.575184301,35.1233383,1079,1,1520742470,61.0835
-3.575184301,35.12333836,1079,1,1520742475,61.076
-3.575184357,35.12333838,1079,1,1520742480,61.0739
-3.575184385,35.12333838,1079,1,1520742485,61.0738
-3.575184385,35.12333838,1079,1,1520742490,61.0738
-3.575184385,35.12333838,1079,1,1520742495,61.0738
-3.575184385,35.12333838,1079,1,1520742500,61.0738
-3.575184334,35.12333838,1079,1,1520742505,61.074
-3.575184301,35.12333838,1079,1,1520742510,61.0742
-3.575184301,35.12333833,1079,1,1520742515,61.0798
-3.575184301,35.1233383,1079,1,1520742520,61.0835
-3.575184301,35.1233383,1079,1,1520742525,61.0835
-3.575184301,35.12333825,1079,1,1520742530,61.0891
-3.575184301,35.12333821,1079,1,1520742535,61.0928
-3.575184301,35.12333821,1079,1,1520742540,61.0928
-3.575184301,35.12333816,1079,1,1520742545,61.0984
-3.575184301,35.12333803,1079,1,1520742550,61.1133
-3.575184301,35.12333796,1079,1,1520742555,61.1207
-3.575184301,35.12333791,1079,1,1520742560,61.1263
-3.575184301,35.12333788,1079,1,1520742565,61.13
-3.575184301,35.12333783,1079,1,1520742570,61.1356
-3.575184251,35.12333779,1079,1,1520742575,61.1396
-3.575184217,35.12333774,1079,1,1520742580,61.1453
-3.575184217,35.12333771,1079,1,1520742585,61.149
-3.575184217,35.12333766,1079,1,1520742590,61.1546
-3.575184217,35.12333753,1079,1,1520742595,61.1695
-3.575184217,35.12333741,1079,1,1520742600,61.1825
-3.575184217,35.12333738,1079,1,1520742605,61.1862
-3.575184217,35.12333733,1079,1,1520742610,61.1918
-3.575184217,35.12333724,1079,1,1520742615,61.2011
-3.575184167,35.12333716,1079,1,1520742620,61.2107
-3.575184133,35.12333712,1079,1,1520742625,61.2146
-3.575184133,35.12333702,1079,1,1520742630,61.2257
-3.575183982,35.12333595,1079,1,1520742635,61.3456
-3.575183882,35.12333523,1079,1,1520742640,61.4261
-3.575183882,35.1233352,1079,1,1520742645,61.4298
-3.575183228,35.1233351,1079,1,1520742650,61.4441
-3.575182792,35.12333493,1079,1,1520742655,61.4649
-3.575182792,35.12333486,1079,1,1520742660,61.4723
-3.575182742,35.12333496,1079,1,1520742665,61.4614
-3.575182708,35.12333503,1079,1,1520742670,61.4541
-3.575182708,35.12333503,1079,1,1520742675,61.4541
-3.575182608,35.12333508,1079,1,1520742680,61.4491
-3.57518239,35.12333511,1079,1,1520742685,61.4464
-3.575182239,35.12333511,1079,1,1520742690,61.4472
-3.575182155,35.12333516,1079,1,1520742695,61.4421
-3.575182071,35.1233352,1079,1,1520742700,61.4388
-3.575181937,35.1233352,1079,1,1520742705,61.4395
-3.57518182,35.12333525,1079,1,1520742710,61.4345
-3.575181786,35.12333528,1079,1,1520742715,61.4309
-3.575181535,35.12333573,1079,1,1520742720,61.382
-3.575181367,35.12333603,1079,1,1520742725,61.3494
-3.575181317,35.12333614,1079,1,1520742730,61.3385
-3.575181233,35.1233362,1079,1,1520742735,61.3315
-3.5751812,35.12333625,1079,1,1520742740,61.3261
-3.575180294,35.12333669,1079,1,1520742745,61.2826
-3.575179389,35.12333711,1079,1,1520742750,61.2411
-3.575179188,35.12333716,1079,1,1520742755,61.2367
-3.575179238,35.12333712,1079,1,1520742760,61.2401
-3.575179272,35.12333712,1079,1,1520742765,61.2399
-3.575179272,35.12333702,1079,1,1520742770,61.2511
-3.575179523,35.12333662,1079,1,1520742775,61.2943
-3.575179775,35.12333629,1079,1,1520742780,61.3301
-3.575179842,35.12333629,1079,1,1520742785,61.3298
-3.575179942,35.12333629,1079,1,1520742790,61.3292
-3.575179942,35.12333629,1079,1,1520742795,61.3292
-3.575179942,35.12333629,1079,1,1520742800,61.3292
-3.575179942,35.12333629,1079,1,1520742805,61.3292
-3.575179942,35.12333629,1079,1,1520742810,61.3292
-3.575180177,35.12333605,1079,1,1520742815,61.3539
-3.575180529,35.1233357,1079,1,1520742820,61.3911
-3.575180529,35.1233357,1079,1,1520742825,61.3911
-3.575180546,35.1233357,1079,1,1520742830,61.391
-3.575180613,35.1233357,1079,1,1520742835,61.3906
-3.575180613,35.1233357,1079,1,1520742840,61.3906
-3.57518063,35.1233357,1079,1,1520742845,61.3905
-3.575180697,35.1233357,1079,1,1520742850,61.3902
-3.575180697,35.1233357,1079,1,1520742855,61.3902
-3.575180713,35.1233357,1079,1,1520742860,61.3901
-3.57518078,35.1233357,1079,1,1520742865,61.3897
-3.575180814,35.1233357,1079,1,1520742870,61.3895
-3.575180948,35.1233357,1079,1,1520742875,61.3888
-3.575180965,35.1233357,1079,1,1520742880,61.3887
-3.575181032,35.1233357,1079,1,1520742885,61.3884
-3.575181049,35.1233357,1079,1,1520742890,61.3883
-3.575181132,35.1233357,1079,1,1520742895,61.3878
-3.5751812,35.1233357,1079,1,1520742900,61.3875
-3.5751812,35.1233357,1079,1,1520742905,61.3875
-3.575181216,35.1233357,1079,1,1520742910,61.3874
-3.575181283,35.1233357,1079,1,1520742915,61.387
-3.575181283,35.1233357,1079,1,1520742920,61.387
-3.5751813,35.1233357,1079,1,1520742925,61.387
-3.575181367,35.1233357,1079,1,1520742930,61.3866
-3.575181401,35.1233357,1079,1,1520742935,61.3864
-3.575181535,35.1233357,1079,1,1520742940,61.3857
-3.575181552,35.12333568,1079,1,1520742945,61.3875
-3.575181635,35.12333562,1079,1,1520742950,61.3945
-3.575181702,35.1233356,1079,1,1520742955,61.396
-3.575181719,35.12333553,1079,1,1520742960,61.4034
-3.575181786,35.12333555,1079,1,1520742965,61.4012
-3.575181803,35.12333562,1079,1,1520742970,61.3936
-3.57518187,35.12333562,1079,1,1520742975,61.3933
-3.575181904,35.12333562,1079,1,1520742980,61.3931
-3.575182038,35.12333562,1079,1,1520742985,61.3924
-3.575182055,35.12333562,1079,1,1520742990,61.3923
-3.575182122,35.1233356,1079,1,1520742995,61.3938
-3.575182138,35.12333553,1079,1,1520743000,61.4012
-3.575182222,35.12333553,1079,1,1520743005,61.4008
-3.575182289,35.12333553,1079,1,1520743010,61.4004
-3.575182675,35.12333605,1079,1,1520743015,61.3408
-3.575184251,35.12333835,1079,1,1520743020,61.0781
-3.575184385,35.12333924,1079,1,1520743025,60.9788
-3.575184385,35.12333932,1079,1,1520743030,60.9695
-3.575184385,35.1233394,1080,1,1520743035,60.9602
-3.575184385,35.12333947,1080,1,1520743040,60.9528
-3.575184385,35.1233395,1080,1,1520743045,60.9491
-3.575184385,35.12333966,1080,1,1520743050,60.9323
-3.575184385,35.12333972,1080,1,1520743055,60.9249
-3.575184385,35.12333974,1080,1,1520743060,60.923
-3.575184385,35.12333982,1080,1,1520743065,60.9137
-3.575184385,35.12333989,1080,1,1520743070,60.9063
-3.575184385,35.12333991,1080,1,1520743075,60.9044
-3.575184385,35.12333997,1080,1,1520743080,60.8969
-3.575184385,35.12333997,1080,1,1520743085,60.8969
-3.575184385,35.12333999,1080,1,1520743090,60.8951
-3.575184385,35.12334006,1080,1,1520743095,60.8876
-3.575184401,35.12334006,1080,1,1520743100,60.8876
-3.575184468,35.12334009,1080,1,1520743105,60.8835
-3.575184502,35.12334023,1080,1,1520743110,60.8685
-3.575184636,35.12334023,1080,1,1520743115,60.8679
-3.575184653,35.12334024,1080,1,1520743120,60.8659
-3.57518472,35.12334031,1080,1,1520743125,60.8582
-3.575184734,35.12334031,1080,1,1520743130,60.8581
-3.575184804,35.12334031,1080,1,1520743135,60.8578
-3.575184888,35.12334039,1080,1,1520743140,60.8481
-3.575184888,35.12334039,1080,1,1520743145,60.8481
-3.575184971,35.12334048,1080,1,1520743150,60.8384
-3.575184971,35.12334048,1080,1,1520743155,60.8384
-3.575185139,35.12334048,1080,1,1520743160,60.8376
-3.575185139,35.12334056,1080,1,1520743165,60.8283
-3.575185223,35.12334056,1080,1,1520743170,60.8279
-3.575185223,35.12334073,1080,1,1520743175,60.8093
-3.575185223,35.12334073,1080,1,1520743180,60.8093
-3.575185307,35.12334073,1080,1,1520743185,60.8089
-3.575185307,35.12334073,1080,1,1520743190,60.8089
-3.575185307,35.12334081,1080,1,1520743195,60.7996
-3.575185391,35.12334081,1080,1,1520743200,60.7992
-3.575185391,35.12334081,1080,1,1520743205,60.7992
-3.575185391,35.12334081,1080,1,1520743210,60.7992
-3.575185642,35.12334081,1080,1,1520743215,60.7981
-3.575185726,35.12334081,1080,1,1520743220,60.7977
-3.57518581,35.12334081,1080,1,1520743225,60.7974
-3.57518581,35.1233409,1080,1,1520743230,60.7881
-3.575185893,35.1233409,1080,1,1520743235,60.7877
-3.575185893,35.1233409,1080,1,1520743240,60.7877
-3.575185977,35.1233409,1080,1,1520743245,60.7873
-3.575185977,35.1233409,1080,1,1520743250,60.7873
-3.575186145,35.1233409,1080,1,1520743255,60.7866
-3.575186145,35.1233409,1080,1,1520743260,60.7866
-3.575186145,35.1233409,1080,1,1520743265,60.7866
-3.575186229,35.1233409,1080,1,1520743270,60.7862
-3.575186145,35.12334081,1080,1,1520743275,60.7959
-3.575186145,35.12334081,1080,1,1520743280,60.7959
-3.575185977,35.12334081,1080,1,1520743285,60.7966
-3.575185977,35.12334073,1080,1,1520743290,60.8059
-3.575185893,35.12334073,1080,1,1520743295,60.8063
-3.575185893,35.12334073,1080,1,1520743300,60.8063
-3.575185893,35.12334073,1080,1,1520743305,60.8063
-3.57518581,35.12334073,1080,1,1520743310,60.8067
-3.57518581,35.12334073,1080,1,1520743315,60.8067
-3.575185726,35.12334073,1080,1,1520743320,60.807
-3.575185726,35.12334073,1080,1,1520743325,60.807
-3.575185642,35.12334056,1080,1,1520743330,60.826
-3.575185474,35.12334056,1080,1,1520743335,60.8268
-3.575185474,35.12334056,1080,1,1520743340,60.8268
-3.575185391,35.12334056,1080,1,1520743345,60.8272
-3.575185307,35.12334048,1080,1,1520743350,60.8368
-3.575185307,35.12334048,1080,1,1520743355,60.8368
-3.575185223,35.12334039,1080,1,1520743360,60.8465
-3.575185223,35.12334039,1080,1,1520743365,60.8465
-3.575185139,35.12334031,1080,1,1520743370,60.8562
-3.575185139,35.12334031,1080,1,1520743375,60.8562
-3.575184971,35.12334023,1080,1,1520743380,60.8663
-3.575184971,35.12334023,1080,1,1520743385,60.8663
-3.575184888,35.12334023,1080,1,1520743390,60.8667
-3.575184888,35.12334006,1080,1,1520743395,60.8853
-3.575184888,35.12334023,1080,1,1520743400,60.8667
-3.575184804,35.12334006,1080,1,1520743405,60.8857
-3.575184804,35.12334006,1080,1,1520743410,60.8857
-3.575184804,35.12334006,1080,1,1520743415,60.8857
-3.57518472,35.12334006,1080,1,1520743420,60.8861
-3.57518472,35.12333997,1080,1,1520743425,60.8954
-3.57518472,35.12333997,1080,1,1520743430,60.8954
-3.57518472,35.12333989,1080,1,1520743435,60.9047
-3.575184217,35.12333964,1080,1,1520743440,60.935
-3.575183882,35.12333897,1080,1,1520743445,61.011
-3.575183882,35.12333897,1080,1,1520743450,61.011
-3.575183882,35.12333897,1080,1,1520743455,61.011
-3.575183798,35.12333888,1080,1,1520743460,61.0207
-3.575183714,35.12333888,1080,1,1520743465,61.0211
-3.57518363,35.1233388,1080,1,1520743470,61.0308
-3.575183546,35.1233388,1080,1,1520743475,61.0313
-3.575183295,35.1233388,1080,1,1520743480,61.0325
-3.575183127,35.12333872,1080,1,1520743485,61.0426
-3.575183044,35.12333863,1080,1,1520743490,61.0523
-3.575182876,35.12333863,1079,1,1520743495,61.0532
-3.575182792,35.12333847,1079,1,1520743500,61.0722
-3.575182708,35.12333847,1079,1,1520743505,61.0726
-3.575182708,35.12333838,1079,1,1520743510,61.0819
-3.575182624,35.12333838,1079,1,1520743515,61.0824
-3.575182624,35.1233383,1079,1,1520743520,61.0917
-3.575182541,35.1233383,1079,1,1520743525,61.0921
-3.575182541,35.12333821,1079,1,1520743530,61.1014
-3.575182541,35.12333821,1079,1,1520743535,61.1014
-3.575182373,35.12333813,1079,1,1520743540,61.1115
-3.575182373,35.12333813,1079,1,1520743545,61.1115
-3.575182289,35.12333813,1079,1,1520743550,61.112
-3.575182205,35.12333796,1079,1,1520743555,61.131
-3.575182205,35.12333796,1079,1,1520743560,61.131
-3.575182122,35.12333788,1079,1,1520743565,61.1407
-3.575182122,35.12333788,1079,1,1520743570,61.1407
-3.575182122,35.12333779,1079,1,1520743575,61.1501
-3.575182122,35.12333779,1079,1,1520743580,61.1501
-3.575182038,35.12333779,1079,1,1520743585,61.1505
-3.575182038,35.12333771,1079,1,1520743590,61.1598
-3.575181898,35.12333764,1079,1,1520743595,61.1683
-3.575181803,35.12333749,1079,1,1520743600,61.1852
-3.575181786,35.12333739,1079,1,1520743605,61.1964
-3.575181719,35.12333731,1079,1,1520743610,61.2061
-3.575181635,35.12333722,1079,1,1520743615,61.2158
-3.575181552,35.12333714,1079,1,1520743620,61.2256
-3.575181401,35.12333699,1079,1,1520743625,61.2431
-3.575181311,35.12333684,1079,1,1520743630,61.2597
-3.575181233,35.12333674,1079,1,1520743635,61.2719
-3.575181149,35.12333665,1079,1,1520743640,61.2817
-3.575181116,35.12333657,1079,1,1520743645,61.2912
-3.575181065,35.12333644,1079,1,1520743650,61.3063
-3.57518099,35.12333637,1079,1,1520743655,61.3142
-3.575180948,35.12333634,1079,1,1520743660,61.3181
-3.575180881,35.12333629,1079,1,1520743665,61.3241
-3.575180747,35.12333625,1079,1,1520743670,61.3285
-3.575180663,35.1233362,1079,1,1520743675,61.3345
-3.575180579,35.12333617,1079,1,1520743680,61.3387
-3.575180529,35.12333608,1079,1,1520743685,61.3483
-3.575180495,35.12333603,1079,1,1520743690,61.3541
-3.575180445,35.12333597,1079,1,1520743695,61.3618
-3.575180378,35.12333583,1079,1,1520743700,61.377
-3.575180244,35.12333578,1079,1,1520743705,61.3833
-3.575180194,35.12333575,1079,1,1520743710,61.3873
-3.57518016,35.1233357,1079,1,1520743715,61.3931
-3.57518011,35.12333567,1079,1,1520743720,61.3971
-3.575180076,35.12333562,1079,1,1520743725,61.4029
-3.575180026,35.12333562,1079,1,1520743730,61.4032
-3.575179993,35.12333562,1079,1,1520743735,61.4033
-3.575179942,35.12333558,1079,1,1520743740,61.4073
-3.575179875,35.12333553,1079,1,1520743745,61.4133
-3.575179775,35.12333557,1079,1,1520743750,61.4101
-3.575179741,35.12333562,1079,1,1520743755,61.4047
-3.575179691,35.12333562,1079,1,1520743760,61.405
-3.575179691,35.12333558,1079,1,1520743765,61.4087
-3.575179657,35.12333553,1079,1,1520743770,61.4145
-3.575179607,35.12333553,1079,1,1520743775,61.4148
-3.575179573,35.12333553,1079,1,1520743780,61.415
-3.575179523,35.12333553,1079,1,1520743785,61.4153
-3.57517949,35.12333553,1079,1,1520743790,61.4155
-3.575179439,35.12333553,1079,1,1520743795,61.4157
-3.575179439,35.12333553,1079,1,1520743800,61.4157
-3.575179439,35.12333553,1079,1,1520743805,61.4157
-3.575179439,35.12333553,1079,1,1520743810,61.4157
-3.575179439,35.12333553,1079,1,1520743815,61.4157
-3.575179439,35.12333553,1079,1,1520743820,61.4157
-3.575179439,35.12333553,1079,1,1520743825,61.4157
-3.575179439,35.12333546,1079,1,1520743830,61.4232
-3.575179473,35.12333536,1079,1,1520743835,61.4342
-3.575179523,35.12333533,1079,1,1520743840,61.4376
-3.575179557,35.12333521,1079,1,1520743845,61.4504
-3.575179607,35.12333508,1079,1,1520743850,61.465
-3.575179641,35.12333493,1079,1,1520743855,61.4816
-3.575179691,35.12333474,1079,1,1520743860,61.5018
-3.575179724,35.12333463,1079,1,1520743865,61.5146
-3.575179842,35.12333439,1079,1,1520743870,61.54
-3.575179942,35.12333412,1079,1,1520743875,61.5692
-3.575179976,35.12333392,1079,1,1520743880,61.5914
-3.57518006,35.1233337,1079,1,1520743885,61.6151
-3.575180143,35.12333354,1079,1,1520743890,61.6332
-3.575180194,35.12333334,1079,1,1520743895,61.6553
-3.575180227,35.12333312,1079,1,1520743900,61.6793
-3.575180345,35.12333292,1079,1,1520743905,61.701
-3.575180445,35.1233327,1079,1,1520743910,61.7246
-3.575180479,35.12333253,1079,1,1520743915,61.743
-3.575180563,35.12333236,1079,1,1520743920,61.7612
-3.575180613,35.1233322,1079,1,1520743925,61.7795
-3.575180646,35.12333206,1079,1,1520743930,61.7942
-3.575180697,35.12333198,1079,1,1520743935,61.8033
-3.575180697,35.12333186,1079,1,1520743940,61.8163
-3.57518073,35.12333169,1079,1,1520743945,61.8347
-3.575180848,35.12333156,1079,1,1520743950,61.849
-3.575180948,35.12333147,1079,1,1520743955,61.8578
-3.575180982,35.12333136,1079,1,1520743960,61.8706
-3.575181065,35.12333122,1079,1,1520743965,61.885
-3.575181116,35.12333114,1079,1,1520743970,61.8941
-3.575181149,35.12333109,1079,1,1520743975,61.8995
-3.5751812,35.12333106,1079,1,1520743980,61.903
-3.5751812,35.12333101,1079,1,1520743985,61.9085
-3.5751812,35.12333097,1079,1,1520743990,61.9123
-3.5751812,35.12333092,1079,1,1520743995,61.9178
-3.5751812,35.12333092,1079,1,1520744000,61.9178
-3.5751812,35.12333092,1079,1,1520744005,61.9178
-3.5751812,35.12333092,1079,1,1520744010,61.9178
-3.575181233,35.12333092,1079,1,1520744015,61.9177
-3.575181283,35.12333092,1079,1,1520744020,61.9174
-3.575181283,35.12333092,1079,1,1520744025,61.9174
-3.575181283,35.12333092,1079,1,1520744030,61.9174
-3.575181317,35.12333092,1079,1,1520744035,61.9172
-3.575181367,35.12333092,1079,1,1520744040,61.917
-3.575181367,35.12333092,1079,1,1520744045,61.917
-3.575181367,35.12333092,1079,1,1520744050,61.917
-3.575181367,35.12333095,1079,1,1520744055,61.9132
-3.575181434,35.12333101,1079,1,1520744060,61.9073
-3.575181468,35.12333101,1079,1,1520744065,61.9071
-3.575181367,35.12333097,1079,1,1520744070,61.9114
-3.575181367,35.12333092,1079,1,1520744075,61.917
-3.575181367,35.12333092,1079,1,1520744080,61.917
-3.575181434,35.12333092,1079,1,1520744085,61.9166
-3.575181535,35.12333092,1079,1,1520744090,61.9161
-3.575181535,35.12333089,1079,1,1520744095,61.9198
-3.575181535,35.12333084,1079,1,1520744100,61.9254
-3.575181568,35.12333084,1079,1,1520744105,61.9252
-3.575181619,35.12333084,1079,1,1520744110,61.925
-3.575181619,35.12333084,1079,1,1520744115,61.925
-3.575181652,35.12333077,1079,1,1520744120,61.9322
-3.575181702,35.12333067,1079,1,1520744125,61.9431
-3.575181736,35.12333067,1079,1,1520744130,61.943
-3.575181786,35.12333064,1079,1,1520744135,61.9464
-3.575181786,35.12333059,1079,1,1520744140,61.952
-3.57518182,35.12333055,1079,1,1520744145,61.9556
-3.57518187,35.1233305,1079,1,1520744150,61.9609
-3.575181937,35.1233305,1079,1,1520744155,61.9605
-3.575182038,35.1233305,1079,1,1520744160,61.96
-3.575182071,35.1233305,1079,1,1520744165,61.9599
-3.575182122,35.1233305,1079,1,1520744170,61.9596
-3.575182155,35.1233305,1079,1,1520744175,61.9594
-3.575182205,35.1233305,1079,1,1520744180,61.9592
-3.575182239,35.1233305,1079,1,1520744185,61.959
-3.575182323,35.12333047,1078,1,1520744190,61.9623
-3.575182373,35.12333042,1078,1,1520744195,61.9676
-3.57518244,35.12333042,1078,1,1520744200,61.9673
-3.575182574,35.12333039,1078,1,1520744205,61.9703
-3.575182658,35.12333033,1078,1,1520744210,61.9755
-3.575182708,35.12333033,1078,1,1520744215,61.9753
-3.575182742,35.12333033,1078,1,1520744220,61.9751
-3.575182826,35.12333027,1078,1,1520744225,61.9821
-3.575182876,35.12333017,1078,1,1520744230,61.993
-3.575182943,35.12333017,1078,1,1520744235,61.9927
-3.575183044,35.12333017,1078,1,1520744240,61.9922
-3.575183077,35.12333013,1078,1,1520744245,61.9958
-3.575183127,35.12333008,1078,1,1520744250,62.0011
-3.575183161,35.12333008,1078,1,1520744255,62.001
-3.575183211,35.12333005,1078,1,1520744260,62.0044
-3.575183245,35.12333,1078,1,1520744265,62.0099
-3.575183295,35.12333,1078,1,1520744270,62.0096
-3.575183329,35.12333,1078,1,1520744275,62.0094
-3.575183379,35.12333,1078,1,1520744280,62.0092
-3.575183379,35.12333,1078,1,1520744285,62.0092
-3.575183446,35.12332997,1078,1,1520744290,62.0126
-3.575183546,35.12332992,1078,1,1520744295,62.0177
-3.575183546,35.12332992,1078,1,1520744300,62.0177
-3.57518358,35.12332992,1078,1,1520744305,62.0175
-3.575184301,35.12332968,1078,1,1520744310,62.0402
-3.575185307,35.12332933,1078,1,1520744315,62.0747
-3.575185307,35.12332933,1078,1,1520744320,62.0747
-3.575185307,35.12332933,1078,1,1520744325,62.0747
-3.575185307,35.12332933,1078,1,1520744330,62.0747
-3.575185374,35.12332943,1078,1,1520744335,62.0633
-3.575185474,35.12332958,1078,1,1520744340,62.0461
-3.575185474,35.12332961,1078,1,1520744345,62.0423
-3.575185474,35.12332966,1078,1,1520744350,62.0368
-3.575185474,35.12332966,1078,1,1520744355,62.0368
-3.575185474,35.12332973,1078,1,1520744360,62.0293
-3.575185474,35.12332983,1078,1,1520744365,62.0181
-3.575185541,35.12333007,1078,1,1520744370,61.9918
-3.575185709,35.12333052,1078,1,1520744375,61.9408
-3.57518581,35.12333067,1078,1,1520744380,61.9236
-3.575185944,35.1233308,1078,1,1520744385,61.9081
-3.575186145,35.12333097,1079,1,1520744390,61.8886
-3.575186145,35.12333092,1079,1,1520744395,61.8942
-3.575186145,35.12333089,1079,1,1520744400,61.8979
-3.575186145,35.12333084,1079,1,1520744405,61.9035
-3.575186145,35.12333084,1079,1,1520744410,61.9035
-3.575186145,35.12333084,1079,1,1520744415,61.9035
-3.575186145,35.12333084,1079,1,1520744420,61.9035
-3.575186145,35.12333084,1079,1,1520744425,61.9035
-3.575186145,35.12333077,1079,1,1520744430,61.911
-3.575186279,35.12333044,1079,1,1520744435,61.9476
-3.575186547,35.12333008,1079,1,1520744440,61.9856
-3.575186648,35.12333005,1079,1,1520744445,61.9889
-3.575186648,35.12333,1079,1,1520744450,61.9945
-3.575186681,35.12333,1079,1,1520744455,61.9943
-3.575186732,35.12333,1079,1,1520744460,61.9941
-3.575186732,35.12333,1079,1,1520744465,61.9941
-3.575186732,35.12333,1079,1,1520744470,61.9941
-3.575186765,35.12333,1079,1,1520744475,61.994
-3.575186815,35.12332997,1079,1,1520744480,61.9975
-3.575186815,35.12332992,1079,1,1520744485,62.0031
-3.575186815,35.12332992,1079,1,1520744490,62.0031
-3.575186815,35.12332992,1079,1,1520744495,62.0031
-3.575186815,35.12332989,1078,1,1520744500,62.0062
-3.575186815,35.12332983,1078,1,1520744505,62.0124
-3.575186815,35.1233298,1078,1,1520744510,62.0161
-3.575186832,35.12332966,1078,1,1520744515,62.031
-3.575186899,35.12332966,1078,1,1520744520,62.0307
-3.575186899,35.12332966,1078,1,1520744525,62.0307
-3.575186899,35.12332965,1078,1,1520744530,62.0325
-3.575186899,35.12332958,1078,1,1520744535,62.04
-3.575186899,35.12332956,1078,1,1520744540,62.0418
-3.575186899,35.1233295,1078,1,1520744545,62.0493
-3.575186916,35.1233295,1078,1,1520744550,62.0492
-3.575186983,35.1233295,1078,1,1520744555,62.0489
-3.575187721,35.12332911,1078,1,1520744560,62.0888
-3.57519104,35.12332737,1078,1,1520744565,62.2704
-3.575192549,35.12332656,1078,1,1520744570,62.355
-3.575192532,35.12332757,1078,1,1520744575,62.2433
-3.575190839,35.12333323,1078,1,1520744580,61.6193
-3.575187369,35.12334162,1078,1,1520744585,60.7013
-3.575192247,35.12335193,1078,1,1520744590,59.5383
-3.575198684,35.12336534,1078,1,1520744595,58.0318
-3.575203311,35.12337082,1078,1,1520744600,57.4159
-3.575204099,35.12337712,1078,1,1520744605,56.7147
-3.575206261,35.12338817,1078,1,1520744610,55.4858
-3.575205926,35.12339186,1078,1,1520744615,55.076
-3.575203009,35.12339764,1078,1,1520744620,54.4355
-3.575201819,35.12339933,1078,1,1520744625,54.2488
-3.575200813,35.12339938,1078,1,1520744630,54.2447
-3.57520083,35.12339932,1078,1,1520744635,54.2521
-3.575200863,35.12339923,1078,1,1520744640,54.2614
-3.575200679,35.12339887,1077,1,1520744645,54.3027
-3.575200478,35.12339873,1077,1,1520744650,54.3179
-3.575200863,35.1233995,1077,1,1520744655,54.2316
-3.575203831,35.12340399,1077,1,1520744660,53.7287
-3.575210318,35.12340959,1077,1,1520744665,53.1053
-3.575213654,35.12340974,1077,1,1520744670,53.0917
-3.575214861,35.12341053,1077,1,1520744675,53.0059
-3.575216571,35.12340894,1077,1,1520744680,53.186
-3.575216135,35.1234081,1077,1,1520744685,53.2783
-3.575217057,35.1234077,1077,1,1520744690,53.3248
-3.57521699,35.1234077,1078,1,1520744695,53.3247
-3.575216974,35.1234077,1078,1,1520744700,53.3246
-3.575216772,35.12340743,1078,1,1520744705,53.354
-3.575216638,35.12340673,1078,1,1520744710,53.432
-3.575218683,35.12340845,1078,1,1520744715,53.2447
-3.575218968,35.12340587,1077,1,1520744720,53.5323
-3.575213285,35.12339115,1075,1,1520744725,55.1572
-3.575213906,35.12338966,1076,1,1520744730,55.3237
-3.575213973,35.12338958,1076,1,1520744735,55.3331
-3.575214006,35.12338949,1076,1,1520744740,55.3425
-3.57521399,35.12338934,1076,1,1520744745,55.3592
-3.57521357,35.12338879,1076,1,1520744750,55.4202
-3.575212783,35.12338581,1076,1,1520744755,55.7509
-3.575206781,35.12337657,1077,1,1520744760,56.7748
-3.575207049,35.12337332,1076,1,1520744765,57.1362
-3.575208005,35.12336795,1076,1,1520744770,57.7323
-3.575210721,35.12334477,1078,1,1520744775,60.3097
-3.575196388,35.12332842,1077,1,1520744780,62.1382
-3.575190336,35.12331667,1080,1,1520744785,63.4608
-3.575186916,35.12331759,1080,1,1520744790,63.3711
-3.575185307,35.12331726,1079,1,1520744795,63.415
-3.575185307,35.12331729,1079,1,1520744800,63.4113
-3.575185374,35.12331759,1078,1,1520744805,63.3775
-3.575185441,35.12331847,1078,1,1520744810,63.2804
-3.575184653,35.12331927,1078,1,1520744815,63.1945
-3.57518472,35.1233193,1078,1,1520744820,63.1905
-3.57518472,35.12331946,1078,1,1520744825,63.1738
-3.575184703,35.12331954,1078,1,1520744830,63.1645
-3.575184351,35.12331982,1078,1,1520744835,63.1345
-3.575183731,35.12332091,1078,1,1520744840,63.0163
-3.575185826,35.1233223,1078,1,1520744845,62.8525
-3.575185877,35.1233244,1078,1,1520744850,62.6195
-3.575185793,35.12332452,1078,1,1520744855,62.6069
-3.575185709,35.12332475,1078,1,1520744860,62.5812
-3.575185608,35.1233249,1078,1,1520744865,62.5648
-3.575185458,35.123325,1078,1,1520744870,62.5543
-3.575185374,35.12332517,1078,1,1520744875,62.5361
-3.575185273,35.12332534,1078,1,1520744880,62.5179
-3.575184971,35.12332554,1078,1,1520744885,62.4969
-3.575184301,35.12332583,1078,1,1520744890,62.4683
-3.575184284,35.12332591,1078,1,1520744895,62.4591
-3.5751842,35.12332598,1078,1,1520744900,62.452
-3.575184083,35.12332598,1078,1,1520744905,62.4526
-3.575183868,35.12332599,1078,1,1520744910,62.452
-3.575183798,35.12332606,1078,1,1520744915,62.4446
-3.575183728,35.12332606,1078,1,1520744920,62.4449
-3.575183647,35.12332606,1078,1,1520744925,62.4453
-3.575183295,35.12332619,1078,1,1520744930,62.4321
-3.575183211,35.12332623,1078,1,1520744935,62.4288
-3.575183211,35.12332629,1078,1,1520744940,62.4213
-3.575183144,35.12332631,1078,1,1520744945,62.4198
-3.57518306,35.12332631,1078,1,1520744950,62.4202
-3.575182909,35.12332638,1078,1,1520744955,62.4135
-3.575182809,35.1233264,1078,1,1520744960,62.4121
-3.575182725,35.1233264,1078,1,1520744965,62.4125
-3.575182708,35.1233264,1078,1,1520744970,62.4126
-3.575182641,35.1233264,1078,1,1520744975,62.413
-3.575182624,35.1233264,1078,1,1520744980,62.413
-3.575182557,35.1233264,1078,1,1520744985,62.4134
-3.575182541,35.12332646,1078,1,1520744990,62.406
-3.575182407,35.12332648,1078,1,1520744995,62.4048
-3.575182306,35.12332655,1078,1,1520745000,62.3979
-3.575182088,35.1233267,1078,1,1520745005,62.3822
-3.575181904,35.12332673,1078,1,1520745010,62.3794
-3.57518187,35.12332673,1078,1,1520745015,62.3796
-3.57518187,35.12332673,1078,1,1520745020,62.3796
-3.575181803,35.1233266,1078,1,1520745025,62.3948
-3.575181786,35.12332656,1078,1,1520745030,62.3986
-3.575181719,35.12332656,1078,1,1520745035,62.399
-3.575181635,35.12332656,1078,1,1520745040,62.3994
-3.575181552,35.12332656,1078,1,1520745045,62.3998
-3.575181401,35.12332656,1078,1,1520745050,62.4006
-3.5751813,35.12332656,1078,1,1520745055,62.4011
-3.575181283,35.12332656,1078,1,1520745060,62.4012
-3.575181216,35.12332656,1078,1,1520745065,62.4016
-3.5751812,35.12332656,1078,1,1520745070,62.4017
-3.575181132,35.1233267,1078,1,1520745075,62.3871
-3.575181116,35.12332673,1078,1,1520745080,62.3835
-3.575181049,35.1233268,1078,1,1520745085,62.3764
-3.575180965,35.12332681,1078,1,1520745090,62.375
-3.575180948,35.12332688,1078,1,1520745095,62.3676
-3.575180814,35.1233269,1078,1,1520745100,62.3665
-3.575180646,35.12332697,1078,1,1520745105,62.3599
-3.575180546,35.12332705,1078,1,1520745110,62.3512
-3.575180462,35.1233272,1078,1,1520745115,62.3349
-3.575180244,35.12332723,1078,1,1520745120,62.3323
-3.575180127,35.1233273,1078,1,1520745125,62.3255
-3.575180043,35.12332732,1078,1,1520745130,62.3241
-3.575180026,35.12332732,1078,1,1520745135,62.3242
-3.575179959,35.12332738,1078,1,1520745140,62.3171
-3.575179808,35.1233274,1078,1,1520745145,62.3161
-3.575179708,35.1233274,1078,1,1520745150,62.3167
-3.575179624,35.1233274,1078,1,1520745155,62.3171
-3.57517954,35.1233274,1078,1,1520745160,62.3176
-3.575179456,35.1233274,1078,1,1520745165,62.318
-3.575179439,35.1233274,1078,1,1520745170,62.3181
-3.575179305,35.1233274,1078,1,1520745175,62.3189
-3.575179272,35.1233274,1078,1,1520745180,62.3191
-3.575179272,35.12332733,1078,1,1520745185,62.3265
-3.575179205,35.12332732,1078,1,1520745190,62.3288
-3.575179121,35.12332732,1078,1,1520745195,62.3292
-3.575179104,35.12332732,1078,1,1520745200,62.3293
-3.575179037,35.12332732,1078,1,1520745205,62.3297
-3.57517902,35.12332732,1078,1,1520745210,62.3298
-3.575178819,35.12332732,1078,1,1520745215,62.3309
-3.575178635,35.12332725,1078,1,1520745220,62.3394
-3.575178534,35.1233271,1078,1,1520745225,62.3568
-3.575178517,35.123327,1078,1,1520745230,62.368
-3.57517845,35.12332698,1078,1,1520745235,62.3703
-3.575178434,35.12332698,1078,1,1520745240,62.3704
-3.575178434,35.12332691,1078,1,1520745245,62.3778
-3.575178434,35.1233269,1078,1,1520745250,62.3797
-3.575178434,35.1233269,1078,1,1520745255,62.3797
-3.575178366,35.12332683,1078,1,1520745260,62.3875
-3.57517835,35.12332681,1078,1,1520745265,62.3894
-3.57517835,35.12332681,1078,1,1520745270,62.3894
-3.57517835,35.12332681,1078,1,1520745275,62.3894
-3.575178216,35.12332681,1078,1,1520745280,62.3902
-3.575178182,35.12332681,1078,1,1520745285,62.3904
-3.575178182,35.12332675,1078,1,1520745290,62.3979
-3.575178182,35.12332673,1078,1,1520745295,62.3997
-3.575178182,35.12332673,1078,1,1520745300,62.3997
-3.575178115,35.12332673,1078,1,1520745305,62.4001
-3.575178098,35.12332673,1078,1,1520745310,62.4002
-3.575178031,35.12332673,1078,1,1520745315,62.4006
-3.575178014,35.12332673,1078,1,1520745320,62.4007
-3.575178014,35.12332673,1078,1,1520745325,62.4007
-3.575178014,35.12332673,1078,1,1520745330,62.4007
-3.575177947,35.12332673,1078,1,1520745335,62.4011
-3.575177931,35.1233266,1078,1,1520745340,62.4161
-3.575177931,35.12332656,1078,1,1520745345,62.4198
-3.575177931,35.12332656,1078,1,1520745350,62.4198
-3.575177864,35.12332656,1078,1,1520745355,62.4202
-3.575177847,35.1233265,1078,1,1520745360,62.4277
-3.575177646,35.12332648,1078,1,1520745365,62.4308
-3.575177528,35.12332641,1078,1,1520745370,62.4389
-3.575177512,35.1233264,1078,1,1520745375,62.4409
-3.575177444,35.1233264,1078,1,1520745380,62.4413
-3.575177361,35.12332633,1078,1,1520745385,62.4492
-3.575177344,35.12332624,1078,1,1520745390,62.4586
-3.57517721,35.12332623,1078,1,1520745395,62.4613
-3.575177176,35.12332609,1078,1,1520745400,62.4764
-3.575177176,35.12332606,1078,1,1520745405,62.4801
-3.575177176,35.12332599,1078,1,1520745410,62.4875
-3.575177176,35.12332598,1078,1,1520745415,62.4894
-3.575176103,35.12332685,1078,1,1520745420,62.3992
-3.575175701,35.12332693,1078,1,1520745425,62.3924
-3.575175533,35.12332697,1078,1,1520745430,62.3898
-3.575175299,35.12332725,1078,1,1520745435,62.3596
-3.575174913,35.12332752,1078,1,1520745440,62.3324
-3.575174561,35.12332777,1078,1,1520745445,62.3067
-3.575174293,35.12332795,1078,1,1520745450,62.288
-3.575174108,35.12332805,1078,1,1520745455,62.2781
-3.575174008,35.12332807,1078,1,1520745460,62.2769
-3.575173991,35.12332807,1078,1,1520745465,62.277
-3.575173857,35.12332814,1078,1,1520745470,62.2705
-3.575173823,35.12332829,1077,1,1520745475,62.254
-3.575173823,35.12332832,1077,1,1520745480,62.2502
-3.575173756,35.12332832,1077,1,1520745485,62.2507
-3.575173606,35.12332832,1077,1,1520745490,62.2517
-3.575173572,35.12332839,1077,1,1520745495,62.2445
-3.575173505,35.12332834,1077,1,1520745500,62.2505
-3.575173488,35.12332839,1077,1,1520745505,62.2451
-3.575173488,35.12332847,1077,1,1520745510,62.2358
-3.575173421,35.12332842,1077,1,1520745515,62.2418
-3.575173404,35.12332841,1077,1,1520745520,62.2438
-3.575173337,35.12332841,1077,1,1520745525,62.2442
-3.575173254,35.12332841,1077,1,1520745530,62.2448
-3.575172231,35.12332814,1077,1,1520745535,62.2816
-3.575171979,35.12332807,1077,1,1520745540,62.2908
-3.575170035,35.12332847,1077,1,1520745545,62.2602
-3.575168006,35.12332931,1077,1,1520745550,62.1828
-3.575167554,35.12332795,1077,1,1520745555,62.3369
-3.575167403,35.12332757,1077,1,1520745560,62.3808
-3.575167369,35.12332757,1077,1,1520745565,62.3811
-3.575167369,35.12332757,1077,1,1520745570,62.3811
-3.575167369,35.12332757,1077,1,1520745575,62.3811
-3.575167302,35.1233275,1077,1,1520745580,62.389
-3.575167286,35.12332755,1077,1,1520745585,62.3836
-3.575167219,35.1233275,1077,1,1520745590,62.3897
-3.575167135,35.12332742,1077,1,1520745595,62.3997
-3.575166984,35.1233274,1077,1,1520745600,62.4027
-3.575166816,35.12332733,1077,1,1520745605,62.4115
-3.575166716,35.12332732,1077,1,1520745610,62.4142
-3.575166632,35.12332725,1077,1,1520745615,62.4223
-3.575166548,35.1233273,1077,1,1520745620,62.4174
-3.575166464,35.12332732,1077,1,1520745625,62.4162
-3.575166313,35.12332732,1077,1,1520745630,62.4174
-3.575166213,35.12332732,1077,1,1520745635,62.4182
-3.575166129,35.12332732,1077,1,1520745640,62.4189
-3.575166045,35.12332725,1077,1,1520745645,62.4271
-3.575166028,35.12332723,1077,1,1520745650,62.429
-3.575164553,35.12332723,1077,1,1520745655,62.4413
-3.575164251,35.1233273,1077,1,1520745660,62.4365
-3.575164201,35.12332732,1077,1,1520745665,62.4351
-3.575164184,35.12332732,1077,1,1520745670,62.4352
-3.575164117,35.12332738,1077,1,1520745675,62.4283
-3.575164033,35.1233274,1077,1,1520745680,62.4272
-3.57516395,35.1233274,1077,1,1520745685,62.4279
-3.575163933,35.12332733,1077,1,1520745690,62.4355
-3.575163866,35.12332732,1077,1,1520745695,62.4379
-3.575163849,35.12332738,1077,1,1520745700,62.4306
-3.575163715,35.1233274,1077,1,1520745705,62.4299
-3.575163614,35.1233274,1077,1,1520745710,62.4308
-3.575163598,35.12332747,1077,1,1520745715,62.4235
-3.57516353,35.12332769,1077,1,1520745720,62.4
-3.575163447,35.1233278,1077,1,1520745725,62.3877
-3.575163363,35.12332782,1077,1,1520745730,62.3866
-3.575163346,35.12332789,1077,1,1520745735,62.3793
-3.575163212,35.12332797,1077,1,1520745740,62.3712
-3.575163178,35.12332805,1077,1,1520745745,62.3622
-3.575162575,35.12332908,1077,1,1520745750,62.2542
-3.575162156,35.1233294,1077,1,1520745755,62.2227
-3.575162491,35.12332948,1077,1,1520745760,62.2104
-3.575162525,35.12332956,1077,1,1520745765,62.2008
-3.575162441,35.12332965,1077,1,1520745770,62.1923
-3.575162424,35.1233298,1077,1,1520745775,62.1757
-3.575162022,35.12333003,1077,1,1520745780,62.1533
-3.57516172,35.12333015,1077,1,1520745785,62.1431
-3.575161603,35.12333037,1077,1,1520745790,62.12
-3.575161519,35.12333042,1077,1,1520745795,62.1152
-3.575161368,35.12333042,1077,1,1520745800,62.1166
-3.575161267,35.12333042,1077,1,1520745805,62.1175
-3.575161049,35.12333049,1077,1,1520745810,62.1121
-3.575160865,35.12333064,1077,1,1520745815,62.0971
-3.57516063,35.1233308,1077,1,1520745820,62.0807
-3.575160513,35.1233309,1077,1,1520745825,62.0706
-3.575160429,35.12333085,1077,1,1520745830,62.077
-3.575160345,35.12333084,1077,1,1520745835,62.0796
-3.575160262,35.1233307,1077,1,1520745840,62.0952
-3.575160111,35.12333067,1077,1,1520745845,62.1004
-3.57516001,35.12333067,1077,1,1520745850,62.1013
-3.575159926,35.12333067,1077,1,1520745855,62.1021
-3.575157898,35.12332966,1077,1,1520745860,62.233
-3.575152433,35.12332754,1077,1,1520745865,62.525
-3.575151058,35.12332727,1077,1,1520745870,62.5697
-3.575144453,35.1233465,1077,1,1520745875,60.5243
-3.575131277,35.12337892,1077,1,1520745880,57.1446
-3.575121822,35.1233934,1077,1,1520745885,55.7222
-3.575119576,35.12339,1076,1,1520745890,56.1375
-3.575119492,35.12338874,1076,1,1520745895,56.2767
-3.575119509,35.12338876,1076,1,1520745900,56.2746
-3.575119509,35.12338889,1075,1,1520745905,56.2599
-3.575119509,35.12338892,1075,1,1520745910,56.2562
-3.575119576,35.12338892,1075,1,1520745915,56.2549
-3.575119593,35.12338892,1075,1,1520745920,56.2546
-3.575119593,35.12338892,1075,1,1520745925,56.2546
-3.575119593,35.12338892,1075,1,1520745930,56.2546
-3.57511966,35.12338892,1075,1,1520745935,56.2533
-3.575119676,35.12338892,1075,1,1520745940,56.253
-3.575119676,35.12338892,1075,1,1520745945,56.253
-3.575119676,35.12338879,1075,1,1520745950,56.2677
-3.575119676,35.12338876,1075,1,1520745955,56.2714
-3.575121386,35.12338871,1075,1,1520745960,56.2444
-3.57512323,35.12338867,1075,1,1520745965,56.2138
-3.5751237,35.12338867,1075,1,1520745970,56.2052
-3.5751237,35.12338867,1075,1,1520745975,56.2052
-3.5751237,35.12338867,1075,1,1520745980,56.2052
-3.57512375,35.12338862,1075,1,1520745985,56.2098
-3.575123784,35.12338859,1075,1,1520745990,56.2128
-3.575123784,35.12338859,1075,1,1520745995,56.2128
-3.575123784,35.12338859,1075,1,1520746000,56.2128
-3.575123784,35.12338859,1075,1,1520746005,56.2128
-3.575123834,35.12338859,1075,1,1520746010,56.2119
-3.575123867,35.12338859,1075,1,1520746015,56.2113
-3.575123867,35.12338859,1075,1,1520746020,56.2113
-3.575123867,35.12338859,1075,1,1520746025,56.2113
-3.575124169,35.12338829,1075,1,1520746030,56.2389
-3.57512437,35.12338804,1075,1,1520746035,56.2628
-3.575124471,35.123388,1075,1,1520746040,56.2646
-3.575124538,35.123388,1075,1,1520746045,56.2634
-3.57512484,35.1233879,1075,1,1520746050,56.269
-3.575125091,35.12338783,1075,1,1520746055,56.2718
-3.575125125,35.12338783,1075,1,1520746060,56.2712
-3.575125125,35.12338783,1075,1,1520746065,56.2712
-3.575125426,35.12338753,1075,1,1520746070,56.2989
-3.575125628,35.12338733,1075,1,1520746075,56.3173
-3.575125678,35.12338723,1075,1,1520746080,56.3275
-3.575125711,35.12338716,1075,1,1520746085,56.3342
-3.575126114,35.12338701,1075,1,1520746090,56.3436
-3.575126482,35.12338691,1075,1,1520746095,56.3481
-3.57512655,35.12338686,1075,1,1520746100,56.3525
-3.57512655,35.12338683,1075,1,1520746105,56.3562
-3.5751266,35.12338683,1075,1,1520746110,56.3553
-3.575126633,35.12338683,1075,1,1520746115,56.3547
-3.575127036,35.12338688,1075,1,1520746120,56.3421
-3.575127304,35.12338691,1075,1,1520746125,56.3337
-3.575127304,35.12338686,1075,1,1520746130,56.3392
-3.575127354,35.12338683,1075,1,1520746135,56.342
